{
	"credit": "Made with Blockbench",
	"textures": {
		"0": "block/iron_block",
		"1": "block/stone_slab_top",
		"2": "block/stone_slab_side",
		"3": "item/iron_pickaxe",
		"4": "item/iron_axe",
		"5": "item/shears",
		"particle": "block/iron_block"
	},
	"elements": [
		{
			"from": [-0.025, 0, -0.025],
			"to": [16.025, 8, 16.025],
			"faces": {
				"north": {"uv": [0, 8, 16, 16], "texture": "#0"},
				"east": {"uv": [0, 8, 16, 16], "texture": "#0"},
				"south": {"uv": [0, 8, 16, 16], "texture": "#0"},
				"west": {"uv": [0, 8, 16, 16], "texture": "#0"},
				"up": {"uv": [0, 0, 16, 16], "texture": "#0"},
				"down": {"uv": [0, 0, 16, 16], "texture": "#0"}
			}
		},
		{
			"from": [-0.5, 8, -0.5],
			"to": [16.5, 16, 16.5],
			"faces": {
				"north": {"uv": [0, 0, 16, 8], "texture": "#2"},
				"east": {"uv": [0, 0, 16, 8], "texture": "#2"},
				"south": {"uv": [0, 0, 16, 8], "texture": "#2"},
				"west": {"uv": [0, 0, 16, 8], "texture": "#2"},
				"up": {"uv": [0, 0, 16, 16], "texture": "#1"},
				"down": {"uv": [0, 0, 16, 16], "texture": "#1"}
			}
		},
		{
			"name": "pickaxe2",
			"from": [8, 16.7, 7],
			"to": [18, 16.7, 17],
			"rotation": {"angle": 22.5, "axis": "y", "origin": [13.5, 16.7, 12]},
			"faces": {
				"north": {"uv": [0, 0, 9, 0], "texture": "#missing"},
				"east": {"uv": [0, 0, 10, 0], "texture": "#missing"},
				"south": {"uv": [0, 0, 9, 0], "texture": "#missing"},
				"west": {"uv": [0, 0, 10, 0], "texture": "#missing"},
				"up": {"uv": [0, 0, 16, 16], "texture": "#3", "rotation": 180}
			}
		},
		{
			"name": "pickaxe1",
			"from": [8, 16.4, 7],
			"to": [18, 16.4, 17],
			"rotation": {"angle": 22.5, "axis": "y", "origin": [13.5, 16.4, 12]},
			"faces": {
				"north": {"uv": [0, 0, 9, 0], "texture": "#missing"},
				"east": {"uv": [0, 0, 10, 0], "texture": "#missing"},
				"south": {"uv": [0, 0, 9, 0], "texture": "#missing"},
				"west": {"uv": [0, 0, 10, 0], "texture": "#missing"},
				"up": {"uv": [0, 0, 16, 16], "texture": "#3", "rotation": 180}
			}
		},
		{
			"name": "shears2",
			"from": [-2.5, 16.7, 0],
			"to": [7.5, 16.7, 10],
			"rotation": {"angle": 22.5, "axis": "y", "origin": [2.5, 16.7, 5]},
			"faces": {
				"north": {"uv": [0, 0, 10, 0], "texture": "#missing"},
				"east": {"uv": [0, 0, 10, 0], "texture": "#missing"},
				"south": {"uv": [0, 0, 10, 0], "texture": "#missing"},
				"west": {"uv": [0, 0, 10, 0], "texture": "#missing"},
				"up": {"uv": [0, 0, 16, 16], "texture": "#5", "rotation": 180}
			}
		},
		{
			"name": "shears1",
			"from": [-2.5, 16.4, 0],
			"to": [7.5, 16.4, 10],
			"rotation": {"angle": 22.5, "axis": "y", "origin": [2.5, 16.4, 5]},
			"faces": {
				"north": {"uv": [0, 0, 10, 0], "texture": "#missing"},
				"east": {"uv": [0, 0, 10, 0], "texture": "#missing"},
				"south": {"uv": [0, 0, 10, 0], "texture": "#missing"},
				"west": {"uv": [0, 0, 10, 0], "texture": "#missing"},
				"up": {"uv": [0, 0, 16, 16], "texture": "#5", "rotation": 180}
			}
		},
		{
			"name": "axe2",
			"from": [3, 0, -0.4],
			"to": [13, 10, -0.4],
			"rotation": {"angle": 45, "axis": "z", "origin": [8, 5, -0.4]},
			"faces": {
				"north": {"uv": [0, 0, 16, 16], "texture": "#4", "rotation": 180},
				"east": {"uv": [0, 0, 0, 10], "texture": "#missing"},
				"west": {"uv": [0, 0, 0, 10], "texture": "#missing"},
				"up": {"uv": [0, 0, 10, 0], "texture": "#missing"},
				"down": {"uv": [0, 0, 10, 0], "texture": "#missing"}
			}
		},
		{
			"name": "axe1",
			"from": [3, 0, -0.1],
			"to": [13, 10, -0.1],
			"rotation": {"angle": 45, "axis": "z", "origin": [8, 5, -0.1]},
			"faces": {
				"north": {"uv": [0, 0, 16, 16], "texture": "#4", "rotation": 180},
				"east": {"uv": [0, 0, 0, 10], "texture": "#missing"},
				"west": {"uv": [0, 0, 0, 10], "texture": "#missing"},
				"up": {"uv": [0, 0, 10, 0], "texture": "#missing"},
				"down": {"uv": [0, 0, 10, 0], "texture": "#missing"}
			}
		},
		{
			"from": [4, 4.2, -0.6],
			"to": [4.5, 5.4, 0.4],
			"faces": {
				"north": {"uv": [0, 0, 0.5, 1.2], "texture": "#2"},
				"east": {"uv": [0, 0, 1, 1.2], "texture": "#2"},
				"south": {"uv": [0, 0, 0.5, 1.2], "texture": "#missing"},
				"west": {"uv": [0, 0, 1, 1.2], "texture": "#2"},
				"up": {"uv": [0, 0, 0.5, 1], "texture": "#2"},
				"down": {"uv": [0, 0, 0.5, 1], "texture": "#2"}
			}
		},
		{
			"from": [7, 4.2, -0.6],
			"to": [7.5, 5.4, 0.4],
			"faces": {
				"north": {"uv": [0, 0, 0.5, 1.2], "texture": "#2"},
				"east": {"uv": [0, 0, 1, 1.2], "texture": "#2"},
				"south": {"uv": [0, 0, 0.5, 1.2], "texture": "#missing"},
				"west": {"uv": [0, 0, 1, 1.2], "texture": "#2"},
				"up": {"uv": [0, 0, 0.5, 1], "texture": "#2"},
				"down": {"uv": [0, 0, 0.5, 1], "texture": "#2"}
			}
		}
	],
	"display": {
		"thirdperson_righthand": {
			"scale": [0.3, 0.3, 0.3],
			"rotation": [0, 0, 0],
			"translation": [0, 0, -0.5]
		},
		"head": {
			"scale": [1.6, 1.6, 1.6],
			"translation": [0, -56, 0]
		},
		"thirdperson_lefthand": {
			"scale": [0.3, 0.3, 0.3],
			"translation": [0, 0, -0.5]
		},
		"gui": {
			"scale": [0.55, 0.55, 0.55],
			"rotation": [46.5, 149, 0],
			"translation": [0, 0, 0]
		},
		"ground": {
			"scale": [0.5, 0.5, 0.5]
		},
		"firstperson_lefthand": {
			"scale": [0.4, 0.4, 0.4],
			"translation": [0, 0, 0],
			"rotation": [0, 0, 0]
		},
		"firstperson_righthand": {
			"scale": [0.4, 0.4, 0.4]
		}
	}
}