{
	"credit": "Made with Blockbench",
	"textures": {
		"0": "item/cover_crafting",
		"particle": "item/cover_crafting"
	},
	"elements": [
		{
			"from": [-15.5, 0, -15.5],
			"to": [25.75, 0, 0],
			"faces": {
				"north": {"uv": [0, 0, 9, 0], "texture": "#missing"},
				"east": {"uv": [0, 0, 16, 0], "texture": "#missing"},
				"south": {"uv": [0, 0, 9, 0], "texture": "#missing"},
				"west": {"uv": [0, 0, 16, 0], "texture": "#missing"},
				"up": {"uv": [0, 0, 10.3125, 3.875], "texture": "#0"},
				"down": {"uv": [0, 0, 9, 16], "texture": "#missing"}
			}
		}
	],
	"display": {
		"gui": {
			"scale": [4, 4, 4],
			"rotation": [90, 0, 0],
			"translation": [-59, -48, 0]
		}
	}
}