{
	"credit": "Made with Blockbench",
	"textures": {
		"0": "block/lava_still",
		"particle": "block/lava_still"
	},
	"elements": [
		{
			"name": "cube",
			"from": [0, 0, 0],
			"to": [16, 0, 16],
			"faces": {
				"north": {"uv": [0, 0, 12, 0], "texture": "#missing"},
				"east": {"uv": [0, 0, 12, 0], "texture": "#missing"},
				"south": {"uv": [0, 0, 12, 0], "texture": "#missing"},
				"west": {"uv": [0, 0, 12, 0], "texture": "#missing"},
				"up": {"uv": [0, 0, 12, 12], "texture": "#0"}
			}
		}
	],
	"display": {
		"head": {
			"translation": [0, -23.2837, 0]
		},
		"fixed": {
			"scale": [1.7, 1, 1.73],
			"rotation": [-90, 0, 0],
			"translation": [0, 0, -5.5]
		},
		"gui": {
			"scale": [1.3, 1, 1.3],
			"translation": [0, 0, 0],
			"rotation": [90, 90, 0]
		}
	}
}