{
	"parent": "item/handheld",
	"textures": {
		"layer0": "item/shb_in_a_jar"
	},
	"display": {
		"thirdperson_righthand": {
			"scale": [0.55, 0.55, 0.55],
			"rotation": [0, 0, 0],
			"translation": [0, 3, 1]
		},
		"thirdperson_lefthand": {
			"scale": [0.55, 0.55, 0.55],
			"rotation": [0, 0, 0],
			"translation": [0, 3, 1]
		},
		"firstperson_righthand": {
			"scale": [0.68, 0.68, 0.68],
			"rotation": [0, -90, 25],
			"translation": [1.13, 3.2, 0]
		},
		"firstperson_lefthand": {
			"scale": [0.68, 0.68, 0.68],
			"rotation": [0, -90, 25],
			"translation": [1.13, 3.2, 0]
		}
	}
}