{
	"credit": "Made with Blockbench",
	"textures": {
		"0": "block/stone",
		"particle": "block/stone"
	},
	"elements": [
		{
			"from": [1, 0, 1],
			"to": [15, 2, 15],
			"faces": {
				"north": {"uv": [1, 14, 15, 16], "texture": "#0"},
				"east": {"uv": [1, 14, 15, 16], "texture": "#0"},
				"south": {"uv": [1, 14, 15, 16], "texture": "#0"},
				"west": {"uv": [1, 14, 15, 16], "texture": "#0"},
				"up": {"uv": [1, 1, 15, 15], "texture": "#0"},
				"down": {"uv": [1, 1, 15, 15], "texture": "#0"}
			}
		},
		{
			"from": [3, 2, 1],
			"to": [15, 16, 3],
			"faces": {
				"north": {"uv": [1, 0, 13, 14], "texture": "#0"},
				"east": {"uv": [13, 0, 15, 14], "texture": "#0"},
				"south": {"uv": [3, 0, 15, 14], "texture": "#0"},
				"west": {"uv": [0, 0, 2, 14], "texture": "#0"},
				"up": {"uv": [3, 1, 15, 3], "texture": "#0"}
			}
		},
		{
			"from": [1, 2, 13],
			"to": [13, 16, 15],
			"faces": {
				"north": {"uv": [3, 0, 15, 14], "texture": "#0"},
				"east": {"uv": [0, 0, 2, 14], "texture": "#0"},
				"south": {"uv": [1, 0, 13, 14], "texture": "#0"},
				"west": {"uv": [13, 0, 15, 14], "texture": "#0"},
				"up": {"uv": [1, 13, 13, 15], "texture": "#0"}
			}
		},
		{
			"from": [13, 2, 3],
			"to": [15, 16, 15],
			"faces": {
				"north": {"uv": [0, 0, 2, 14], "texture": "#0"},
				"east": {"uv": [1, 0, 13, 14], "texture": "#0"},
				"south": {"uv": [13, 0, 15, 14], "texture": "#0"},
				"west": {"uv": [3, 0, 15, 14], "texture": "#0"},
				"up": {"uv": [13, 3, 15, 15], "texture": "#0"}
			}
		},
		{
			"from": [1, 2, 1],
			"to": [3, 16, 13],
			"faces": {
				"north": {"uv": [13, 0, 15, 14], "texture": "#0"},
				"east": {"uv": [3, 0, 15, 14], "texture": "#0"},
				"south": {"uv": [0, 0, 2, 14], "texture": "#0"},
				"west": {"uv": [1, 0, 13, 14], "texture": "#0"},
				"up": {"uv": [1, 1, 3, 13], "texture": "#0"}
			}
		}
	],
	"display": {
		"thirdperson_righthand": {
			"scale": [0.375, 0.375, 0.375],
			"rotation": [75, 45, 0],
			"translation": [0, 2.5, 0]
		},
		"fixed": {
			"scale": [0.5, 0.5, 0.5],
			"rotation": [0, 0, 0],
			"translation": [0, 0, 0]
		},
		"gui": {
			"scale": [0.65, 0.65, 0.65],
			"rotation": [30, 45, 0]
		},
		"ground": {
			"scale": [0.25, 0.25, 0.25],
			"rotation": [0, 0, 0],
			"translation": [0, 3, 0]
		},
		"head": {
			"translation": [0, -30.4, 0],
			"scale": [1.6, 1.6, 1.6]
		},
		"firstperson_lefthand": {
			"scale": [0.4, 0.4, 0.4],
			"rotation": [0, 225, 0],
			"translation": [0, 0, 0]
		},
		"firstperson_righthand": {
			"scale": [0.4, 0.4, 0.4],
			"rotation": [0, 45, 0],
			"translation": [0, 0, 0]
		},
		"thirdperson_lefthand": {
			"scale": [0.375, 0.375, 0.375],
			"rotation": [75, 45, 0],
			"translation": [0, 2.5, 0]
		}
	}
}