{
    "parent": "item/handheld",
    "textures": {
        "layer0": "item/wooden_axe"
    },
    "overrides": [
		{"predicate": {"damaged": 0,"damage": 0.01694915254}, "model": "item/spatula_and_mortar"},
		{"predicate": {"damaged": 0,"damage": 0.03389830508}, "model": "item/iron_tube"},
		{"predicate": {"damaged": 0,"damage": 0.05084745762}, "model": "item/prismarine_stick"},
		{"predicate": {"damaged": 0,"damage": 0.06779661016}, "model": "item/glass_jar"},
		{"predicate": {"damaged": 0,"damage": 0.08474576271}, "model": "item/elder_thorn"},
		{"predicate": {"damaged": 0,"damage": 0.10169491525}, "model": "item/shb_in_a_jar"},
		{"predicate": {"damaged": 0,"damage": 0.11864406779}, "model": "item/grass_in_a_jar"},
		{"predicate": {"damaged": 0,"damage": 0.13559322033}, "model": "item/mycelium_in_a_jar"},
		{"predicate": {"damaged": 0,"damage": 0.15254237288}, "model": "item/podzol_in_a_jar"},
		{"predicate": {"damaged": 0,"damage": 0.16949152542}, "model": "item/dust"},
		{"predicate": {"damaged": 1,"damage": 0}, "model": "item/wooden_axe"}
	]
}
