{
  "pools": [
    {
      "rolls": 1,
      "entries": [
        {
          "type": "item",
          "name": "minecraft:wooden_axe",
          "weight": 1,
          "functions": [
            {
              "function": "set_damage",
              "damage": 0.91525423728
            },
            {
              "function": "set_nbt",
              "tag": "{Unbreakable:1b,HideFlags:63b,nerf_attack:1b,nerf_mining:1b}"
            },
			{
              "function": "set_count",
              "count": {
                "min": 1,
                "max": 3
              }
            },
			{
              "function": "set_name",
              "name": {
                "text": "Elder Thorn Shard",
				"italic": "false",
				"color": "aqua"
				
              }
            }
          ]
        }
      ]
    },
	{
      "rolls": 1,
      "entries": [
        {
          "type": "item",
          "name": "minecraft:heart_of_the_sea",
          "weight": 1,
          "functions": [
            {
              "function": "set_count",
              "count": 1
            }
          ]
        }
      ]
    },
	{
      "rolls": 1,
      "entries": [
        {
          "type": "item",
          "name": "minecraft:wet_sponge",
          "weight": 1,
          "functions": [
            {
              "function": "set_count",
              "count": {
                "min": 1,
                "max": 3
              }
            }
          ]
        }
      ]
    },
	{
		
		"conditions": [
                {
                    "condition": "killed_by_player"
                }
            ],
            "rolls": 1,
            "entries": [
                {
                    "type": "item",
                    "name": "minecraft:player_head",
                    "weight": 1,
                    "functions": [
						{
							"function": "set_nbt",
							"tag": "{SkullOwner:{Id:\"f2e933a7-614f-44e0-bf18-289b102104ab\",Name:\"Elder Guardian\",Properties:{textures:[{Value:\"eyJ0ZXh0dXJlcyI6eyJTS0lOIjp7InVybCI6Imh0dHA6Ly90ZXh0dXJlcy5taW5lY3JhZnQubmV0L3RleHR1cmUvMWM3OTc0ODJhMTRiZmNiODc3MjU3Y2IyY2ZmMWI2ZTZhOGI4NDEzMzM2ZmZiNGMyOWE2MTM5Mjc4YjQzNmIifX19\"}]}}}"
						},
						{
                            "function": "set_count",
                            "count": {
                                "min": -1,
                                "max": 0
                            }
                        },
                        {
                            "function": "looting_enchant",
                            "count": {
                                "min": 0.24,
                                "max": 0.44
                            }
                        }
                    ]
                }
            ]
        }
  ]
}